exp_name,seed,corpus,tag,git_commit,run_path,final_avg_loss,total_communication_mb,backs
exp_flora_iid,123,CUDA,phase1_cuda_rerun,7b95775212fc55e98ab17396d43f1d7be8565943,results/raw/exp_flora_iid/flora/seed_123/phase1_cuda_rerun/20260715_035242,1.260478599,2578.125,Table2_TableS1_CUDA_primary;AppendixE_crossbackend
exp_flora_iid,42,CUDA,phase1_cuda_rerun,7b95775212fc55e98ab17396d43f1d7be8565943,results/raw/exp_flora_iid/flora/seed_42/phase1_cuda_rerun/20260715_021226,1.261407975,2578.125,Table2_TableS1_CUDA_primary;AppendixE_crossbackend
exp_flora_iid,456,CUDA,phase1_cuda_rerun,7b95775212fc55e98ab17396d43f1d7be8565943,results/raw/exp_flora_iid/flora/seed_456/phase1_cuda_rerun/20260715_052914,1.2605001926,2578.125,Table2_TableS1_CUDA_primary;AppendixE_crossbackend
exp_flora_noniid_alpha05,123,CUDA,phase1_cuda_rerun,7b95775212fc55e98ab17396d43f1d7be8565943,results/raw/exp_flora_noniid_alpha05/flora/seed_123/phase1_cuda_rerun/20260715_083036,1.2608345834,2578.125,AppendixE_crossbackend_CUDA_source_of_truth
exp_flora_noniid_alpha05,42,CUDA,phase1_cuda_rerun,7b95775212fc55e98ab17396d43f1d7be8565943,results/raw/exp_flora_noniid_alpha05/flora/seed_42/phase1_cuda_rerun/20260715_070023,1.2840850247,2578.125,AppendixE_crossbackend_CUDA_source_of_truth
exp_flora_noniid_alpha05,456,CUDA,phase1_cuda_rerun,7b95775212fc55e98ab17396d43f1d7be8565943,results/raw/exp_flora_noniid_alpha05/flora/seed_456/phase1_cuda_rerun/20260715_100237,1.2338129158,2578.125,AppendixE_crossbackend_CUDA_source_of_truth
exp_reverse_adaptive_iid,123,CUDA,phase1_cuda_rerun,7b95775212fc55e98ab17396d43f1d7be8565943,results/raw/exp_reverse_adaptive_iid/reverse_adaptive/seed_123/phase1_cuda_rerun/20260715_121855,1.2746100099,1533.125,Table2_TableS1_CUDA_primary;AppendixE_crossbackend
exp_reverse_adaptive_iid,42,CUDA,phase1_cuda_rerun,7b95775212fc55e98ab17396d43f1d7be8565943,results/raw/exp_reverse_adaptive_iid/reverse_adaptive/seed_42/phase1_cuda_rerun/20260715_112811,1.2755135796,1533.125,Table2_TableS1_CUDA_primary;AppendixE_crossbackend
exp_reverse_adaptive_iid,456,CUDA,phase1_cuda_rerun,7b95775212fc55e98ab17396d43f1d7be8565943,results/raw/exp_reverse_adaptive_iid/reverse_adaptive/seed_456/phase1_cuda_rerun/20260715_130847,1.2744812861,1533.125,Table2_TableS1_CUDA_primary;AppendixE_crossbackend
exp_reverse_adaptive_noniid_alpha05,123,CUDA,phase1_cuda_rerun,7b95775212fc55e98ab17396d43f1d7be8565943,results/raw/exp_reverse_adaptive_noniid_alpha05/reverse_adaptive/seed_123/phase1_cuda_rerun/20260715_200920,1.2715077818,1533.125,AppendixE_crossbackend_CUDA_source_of_truth
exp_reverse_adaptive_noniid_alpha05,42,CUDA,phase1_cuda_rerun,7b95775212fc55e98ab17396d43f1d7be8565943,results/raw/exp_reverse_adaptive_noniid_alpha05/reverse_adaptive/seed_42/phase1_cuda_rerun/20260715_010658,1.2953889325,1533.125,AppendixE_crossbackend_CUDA_source_of_truth
exp_reverse_adaptive_noniid_alpha05,456,CUDA,phase1_cuda_rerun,7b95775212fc55e98ab17396d43f1d7be8565943,results/raw/exp_reverse_adaptive_noniid_alpha05/reverse_adaptive/seed_456/phase1_cuda_rerun/20260715_205528,1.2460482395,1533.125,AppendixE_crossbackend_CUDA_source_of_truth
exp_two_phase_k8,123,CUDA,phase1_cuda_rerun,7b95775212fc55e98ab17396d43f1d7be8565943,results/raw/exp_two_phase_k8/two_phase/seed_123/phase1_cuda_rerun/20260715_223931,1.2701296758,1863.125,Table2_TableS1_CUDA_primary;AppendixE_crossbackend
exp_two_phase_k8,42,CUDA,phase1_cuda_rerun,7b95775212fc55e98ab17396d43f1d7be8565943,results/raw/exp_two_phase_k8/two_phase/seed_42/phase1_cuda_rerun/20260715_214155,1.2712758789,1863.125,Table2_TableS1_CUDA_primary;AppendixE_crossbackend
exp_two_phase_k8,456,CUDA,phase1_cuda_rerun,7b95775212fc55e98ab17396d43f1d7be8565943,results/raw/exp_two_phase_k8/two_phase/seed_456/phase1_cuda_rerun/20260715_233604,1.2702366034,1863.125,Table2_TableS1_CUDA_primary;AppendixE_crossbackend
exp_two_phase_k8_noniid_alpha05,123,CUDA,phase1_cuda_rerun,7b95775212fc55e98ab17396d43f1d7be8565943,results/raw/exp_two_phase_k8_noniid_alpha05/two_phase/seed_123/phase1_cuda_rerun/20260716_013206,1.2695667024,1863.125,AppendixE_crossbackend_CUDA_source_of_truth
exp_two_phase_k8_noniid_alpha05,42,CUDA,phase1_cuda_rerun,7b95775212fc55e98ab17396d43f1d7be8565943,results/raw/exp_two_phase_k8_noniid_alpha05/two_phase/seed_42/phase1_cuda_rerun/20260716_003148,1.2932226067,1863.125,AppendixE_crossbackend_CUDA_source_of_truth
exp_two_phase_k8_noniid_alpha05,456,CUDA,phase1_cuda_rerun,7b95775212fc55e98ab17396d43f1d7be8565943,results/raw/exp_two_phase_k8_noniid_alpha05/two_phase/seed_456/phase1_cuda_rerun/20260716_023251,1.2430931925,1863.125,AppendixE_crossbackend_CUDA_source_of_truth
exp_reverse_adaptive_noniid_alpha01,456_run999,CUDA,phase1_17_diagnostic,6316fb1e8a9b8afd2461779a1cf348c70fb1a5bd,results/raw/exp_reverse_adaptive_noniid_alpha01/reverse_adaptive/seed_456_run999/phase1_17_diagnostic/20260716_192659,1.3145316213,1643.125,AppendixE_run17_seed456_diagnostic
exp_reverse_adaptive_no_switch,42,MPS,stage2_no_switch_sanity,1e518c63010a4ba67eebd1f4c34e7bcddc530c3d,results/raw/exp_reverse_adaptive_no_switch/reverse_adaptive/seed_42/stage2_no_switch_sanity/20260502_105755,1.2594342812,2578.125,SecIVE_AppendixG_no_switch_sanity_MPS
exp_flora_iid,123,MPS,run_08_of_18,2d07cd9d49d672a2eb55f71de19d951d7a7dfb18,results/raw/exp_flora_iid/flora/seed_123/run_08_of_18/20260428_184234,1.2611626767,2578.125,Fig2_Fig3_MPS_IID;AppendixE_MPS_CUDA_alignment
exp_flora_iid,42,MPS,run_07_of_18,2d07cd9d49d672a2eb55f71de19d951d7a7dfb18,results/raw/exp_flora_iid/flora/seed_42/run_07_of_18/20260428_153342,1.2594342812,2578.125,Fig2_Fig3_MPS_IID;AppendixE_MPS_CUDA_alignment
exp_flora_iid,456,MPS,run_09_of_18,2d07cd9d49d672a2eb55f71de19d951d7a7dfb18,results/raw/exp_flora_iid/flora/seed_456/run_09_of_18/20260428_215113,1.2609145652,2578.125,Fig2_Fig3_MPS_IID;AppendixE_MPS_CUDA_alignment
exp_reverse_adaptive_iid,123,MPS,stage2_adaptive,1e518c63010a4ba67eebd1f4c34e7bcddc530c3d,results/raw/exp_reverse_adaptive_iid/reverse_adaptive/seed_123/stage2_adaptive/20260502_171633,1.2752344407,1533.125,Fig2_Fig3_MPS_IID;AppendixE_MPS_CUDA_alignment
exp_reverse_adaptive_iid,42,MPS,stage2_adaptive,1e518c63010a4ba67eebd1f4c34e7bcddc530c3d,results/raw/exp_reverse_adaptive_iid/reverse_adaptive/seed_42/stage2_adaptive/20260502_141513,1.273557108,1533.125,Fig2_Fig3_MPS_IID;AppendixE_MPS_CUDA_alignment
exp_reverse_adaptive_iid,456,MPS,stage2_adaptive,1e518c63010a4ba67eebd1f4c34e7bcddc530c3d,results/raw/exp_reverse_adaptive_iid/reverse_adaptive/seed_456/stage2_adaptive/20260502_201916,1.2751069317,1533.125,Fig2_Fig3_MPS_IID;AppendixE_MPS_CUDA_alignment
exp_two_phase_k8,123,MPS,stage1_bidirectional,c1ed2a156de222bc0c6e65af5e98c67dcb5fc44a,results/raw/exp_two_phase_k8/two_phase/seed_123/stage1_bidirectional/20260501_180732,1.2708520149,1863.125,Fig2_Fig3_MPS_IID;AppendixE_MPS_CUDA_alignment
exp_two_phase_k8,42,MPS,stage1_bidirectional,c1ed2a156de222bc0c6e65af5e98c67dcb5fc44a,results/raw/exp_two_phase_k8/two_phase/seed_42/stage1_bidirectional/20260501_150340,1.2692277238,1863.125,Fig2_Fig3_MPS_IID;AppendixE_MPS_CUDA_alignment
exp_two_phase_k8,456,MPS,stage1_bidirectional,c1ed2a156de222bc0c6e65af5e98c67dcb5fc44a,results/raw/exp_two_phase_k8/two_phase/seed_456/stage1_bidirectional/20260501_211149,1.2707702881,1863.125,Fig2_Fig3_MPS_IID;AppendixE_MPS_CUDA_alignment
exp_two_phase_k10,123,MPS,stage1_bidirectional,c1ed2a156de222bc0c6e65af5e98c67dcb5fc44a,results/raw/exp_two_phase_k10/two_phase/seed_123/stage1_bidirectional/20260502_032419,1.2670480475,2083.125,SecIVC_SecVC_TwoPhase_K10_comm_reference_MPS
exp_two_phase_k10,42,MPS,stage1_bidirectional,c1ed2a156de222bc0c6e65af5e98c67dcb5fc44a,results/raw/exp_two_phase_k10/two_phase/seed_42/stage1_bidirectional/20260502_001645,1.2654538115,2083.125,SecIVC_SecVC_TwoPhase_K10_comm_reference_MPS
exp_two_phase_k10,456,MPS,stage1_bidirectional,c1ed2a156de222bc0c6e65af5e98c67dcb5fc44a,results/raw/exp_two_phase_k10/two_phase/seed_456/stage1_bidirectional/20260502_063204,1.2669757524,2083.125,SecIVC_SecVC_TwoPhase_K10_comm_reference_MPS
exp_reverse_adaptive_threshold_ablation,42,MPS,stage2_threshold_0.005,1e518c63010a4ba67eebd1f4c34e7bcddc530c3d,results/raw/exp_reverse_adaptive_threshold_ablation/reverse_adaptive/seed_42/stage2_threshold_0.005/20260503_174607,1.273557108,1533.125,Table6_Fig4_threshold_ablation_MPS
exp_reverse_adaptive_threshold_ablation,42,MPS,stage2_threshold_0.01,1e518c63010a4ba67eebd1f4c34e7bcddc530c3d,results/raw/exp_reverse_adaptive_threshold_ablation/reverse_adaptive/seed_42/stage2_threshold_0.01/20260503_205006,1.273557108,1533.125,Table6_Fig4_threshold_ablation_MPS
exp_reverse_adaptive_threshold_ablation,42,MPS,stage2_threshold_0.02,1e518c63010a4ba67eebd1f4c34e7bcddc530c3d,results/raw/exp_reverse_adaptive_threshold_ablation/reverse_adaptive/seed_42/stage2_threshold_0.02/20260503_235201,1.273557108,1533.125,Table6_Fig4_threshold_ablation_MPS
exp_reverse_adaptive_threshold_ablation,42,MPS,stage2_threshold_0.05,1e518c63010a4ba67eebd1f4c34e7bcddc530c3d,results/raw/exp_reverse_adaptive_threshold_ablation/reverse_adaptive/seed_42/stage2_threshold_0.05/20260504_025529,1.273557108,1533.125,Table6_Fig4_threshold_ablation_MPS
exp_reverse_adaptive_threshold_ablation,42,MPS,stage2_threshold_extended_0.001,1e518c63010a4ba67eebd1f4c34e7bcddc530c3d,results/raw/exp_reverse_adaptive_threshold_ablation/reverse_adaptive/seed_42/stage2_threshold_extended_0.001/20260504_060836,1.2638204754,2083.125,Table6_Fig4_threshold_ablation_MPS
exp_reverse_adaptive_threshold_ablation,42,MPS,stage2_threshold_extended_0.002,1e518c63010a4ba67eebd1f4c34e7bcddc530c3d,results/raw/exp_reverse_adaptive_threshold_ablation/reverse_adaptive/seed_42/stage2_threshold_extended_0.002/20260504_091425,1.2674626991,1863.125,Table6_Fig4_threshold_ablation_MPS
exp_reverse_adaptive_threshold_ablation,42,MPS,stage2_threshold_extended_0.05,1e518c63010a4ba67eebd1f4c34e7bcddc530c3d,results/raw/exp_reverse_adaptive_threshold_ablation/reverse_adaptive/seed_42/stage2_threshold_extended_0.05/20260504_121930,1.273557108,1533.125,Table6_Fig4_threshold_ablation_MPS
exp_reverse_adaptive_threshold_ablation,42,MPS,stage2_threshold_extended_0.10,1e518c63010a4ba67eebd1f4c34e7bcddc530c3d,results/raw/exp_reverse_adaptive_threshold_ablation/reverse_adaptive/seed_42/stage2_threshold_extended_0.10/20260504_152013,1.273557108,1533.125,Table6_Fig4_threshold_ablation_MPS
exp_reverse_adaptive_threshold_ablation,42,MPS,stage2_threshold_extended_0.20,1e518c63010a4ba67eebd1f4c34e7bcddc530c3d,results/raw/exp_reverse_adaptive_threshold_ablation/reverse_adaptive/seed_42/stage2_threshold_extended_0.20/20260504_182053,1.273557108,1533.125,Table6_Fig4_threshold_ablation_MPS
exp_llama3_flora_iid,123,MPS,stage5_llama3_extra_seeds,e67fa6b0eaa9e0d703d7a46e467d675f3d18dbc8,results/raw/exp_llama3_flora_iid/flora/seed_123/stage5_llama3_extra_seeds/20260513_205442,1.3734024053,2625,Table7_TableS3_Fig5_scale_validation_MPS;Table5_FigS1_llama_downstream_MPS
exp_llama3_flora_iid,42,MPS,stage5_llama3_full,d6f903880a51aa586366290ef882003a178f796c,results/raw/exp_llama3_flora_iid/flora/seed_42/stage5_llama3_full/20260506_172045,1.3716830858,2625,Table7_TableS3_Fig5_scale_validation_MPS;Table5_FigS1_llama_downstream_MPS
exp_llama3_flora_iid,456,MPS,stage5_llama3_extra_seeds,6de806bb0cf0faaaa520c7145b24a94d0c680dc2,results/raw/exp_llama3_flora_iid/flora/seed_456/stage5_llama3_extra_seeds/20260514_193332,1.3719981604,2625,Table7_TableS3_Fig5_scale_validation_MPS;Table5_FigS1_llama_downstream_MPS
exp_llama3_reverse_adaptive_iid,123,MPS,stage5_llama3_extra_seeds,e67fa6b0eaa9e0d703d7a46e467d675f3d18dbc8,results/raw/exp_llama3_reverse_adaptive_iid/reverse_adaptive/seed_123/stage5_llama3_extra_seeds/20260514_115918,1.3902651988,1942.5,Table7_TableS3_Fig5_scale_validation_MPS;Table5_FigS1_llama_downstream_MPS
exp_llama3_reverse_adaptive_iid,42,MPS,stage5_llama3_full,d6f903880a51aa586366290ef882003a178f796c,results/raw/exp_llama3_reverse_adaptive_iid/reverse_adaptive/seed_42/stage5_llama3_full/20260507_082356,1.3938311263,1837.5,Table7_TableS3_Fig5_scale_validation_MPS;Table5_FigS1_llama_downstream_MPS
exp_llama3_reverse_adaptive_iid,456,MPS,stage5_llama3_extra_seeds,6de806bb0cf0faaaa520c7145b24a94d0c680dc2,results/raw/exp_llama3_reverse_adaptive_iid/reverse_adaptive/seed_456/stage5_llama3_extra_seeds/20260515_104256,1.3973662388,1732.5,Table7_TableS3_Fig5_scale_validation_MPS;Table5_FigS1_llama_downstream_MPS
exp_llama3_two_phase_k8_iid,123,MPS,stage5_llama3_extra_seeds,e67fa6b0eaa9e0d703d7a46e467d675f3d18dbc8,results/raw/exp_llama3_two_phase_k8_iid/two_phase/seed_123/stage5_llama3_extra_seeds/20260514_043315,1.3948771263,1942.5,Table7_TableS3_Fig5_scale_validation_MPS;Table5_FigS1_llama_downstream_MPS
exp_llama3_two_phase_k8_iid,42,MPS,stage5_llama3_full,d6f903880a51aa586366290ef882003a178f796c,results/raw/exp_llama3_two_phase_k8_iid/two_phase/seed_42/stage5_llama3_full/20260507_005718,1.3937758104,1942.5,Table7_TableS3_Fig5_scale_validation_MPS;Table5_FigS1_llama_downstream_MPS
exp_llama3_two_phase_k8_iid,456,MPS,stage5_llama3_extra_seeds,6de806bb0cf0faaaa520c7145b24a94d0c680dc2,results/raw/exp_llama3_two_phase_k8_iid/two_phase/seed_456/stage5_llama3_extra_seeds/20260515_031432,1.3927721588,1942.5,Table7_TableS3_Fig5_scale_validation_MPS;Table5_FigS1_llama_downstream_MPS
exp_flora_iid,42,MPS,stage3_checkpoint,c32967b2ca93a52642ad0e394a9946eb94c40165,results/raw/exp_flora_iid/flora/seed_42/stage3_checkpoint/20260506_065929,1.2613511127,2578.125,Table4_FigS1_tiny_downstream_MPS
exp_reverse_adaptive_iid,42,MPS,stage3_checkpoint,48ae0bbde5bf3b9cc4931bb289fdab913563482a,results/raw/exp_reverse_adaptive_iid/reverse_adaptive/seed_42/stage3_checkpoint/20260506_130343,1.2754731659,1533.125,Table4_FigS1_tiny_downstream_MPS
exp_two_phase_k8,42,MPS,stage3_checkpoint,7c0e26a6d788d4ae6a2c75fdc1f6a0c2c9e05bec,results/raw/exp_two_phase_k8/two_phase/seed_42/stage3_checkpoint/20260505_080902,1.2692277238,1863.125,Table4_FigS1_tiny_downstream_MPS
exp_dolly_flora_iid,123,CUDA,neuro_part12_qvonly,cae4c328930088f607c817e0df81711b5c775a86,results/raw/exp_dolly_flora_iid/flora/seed_123/run_02_of_24/neuro_part12_qvonly/20260726_235500,1.652933814,2578.125,Table2_Table3_TableS1_TableS4_CUDA_qv_only
exp_dolly_flora_iid,42,CUDA,neuro_part12_qvonly,cae4c328930088f607c817e0df81711b5c775a86,results/raw/exp_dolly_flora_iid/flora/seed_42/run_01_of_24/neuro_part12_qvonly/20260726_232345,1.6567621928,2578.125,Table2_Table3_TableS1_TableS4_CUDA_qv_only
exp_dolly_flora_iid,456,CUDA,neuro_part12_qvonly,cae4c328930088f607c817e0df81711b5c775a86,results/raw/exp_dolly_flora_iid/flora/seed_456/run_03_of_24/neuro_part12_qvonly/20260727_002631,1.6534258424,2578.125,Table2_Table3_TableS1_TableS4_CUDA_qv_only
exp_dolly_reverse_adaptive_iid,123,CUDA,neuro_part12_qvonly,cae4c328930088f607c817e0df81711b5c775a86,results/raw/exp_dolly_reverse_adaptive_iid/reverse_adaptive/seed_123/run_08_of_24/neuro_part12_qvonly/20260727_025712,1.6669947378,1533.125,Table2_Table3_TableS1_TableS4_CUDA_qv_only
exp_dolly_reverse_adaptive_iid,42,CUDA,neuro_part12_qvonly,cae4c328930088f607c817e0df81711b5c775a86,results/raw/exp_dolly_reverse_adaptive_iid/reverse_adaptive/seed_42/run_07_of_24/neuro_part12_qvonly/20260727_022830,1.67103906,1533.125,Table2_Table3_TableS1_TableS4_CUDA_qv_only
exp_dolly_reverse_adaptive_iid,456,CUDA,neuro_part12_qvonly,cae4c328930088f607c817e0df81711b5c775a86,results/raw/exp_dolly_reverse_adaptive_iid/reverse_adaptive/seed_456/run_09_of_24/neuro_part12_qvonly/20260727_032532,1.6676989792,1533.125,Table2_Table3_TableS1_TableS4_CUDA_qv_only
exp_dolly_reverse_adaptive_noniid_alpha05,123,CUDA,neuro_part12_qvonly,cae4c328930088f607c817e0df81711b5c775a86,results/raw/exp_dolly_reverse_adaptive_noniid_alpha05/reverse_adaptive/seed_123/run_11_of_24/neuro_part12_qvonly/20260727_042229,1.668828575,1533.125,Table2_Table3_TableS1_TableS4_CUDA_qv_only
exp_dolly_reverse_adaptive_noniid_alpha05,42,CUDA,neuro_part12_qvonly,cae4c328930088f607c817e0df81711b5c775a86,results/raw/exp_dolly_reverse_adaptive_noniid_alpha05/reverse_adaptive/seed_42/run_10_of_24/neuro_part12_qvonly/20260727_035407,1.6438984675,1533.125,Table2_Table3_TableS1_TableS4_CUDA_qv_only
exp_dolly_reverse_adaptive_noniid_alpha05,456,CUDA,neuro_part12_qvonly,cae4c328930088f607c817e0df81711b5c775a86,results/raw/exp_dolly_reverse_adaptive_noniid_alpha05/reverse_adaptive/seed_456/run_12_of_24/neuro_part12_qvonly/20260727_045209,1.6591182566,1533.125,Table2_Table3_TableS1_TableS4_CUDA_qv_only
exp_dolly_two_phase_k8_iid,123,CUDA,neuro_part12_qvonly,cae4c328930088f607c817e0df81711b5c775a86,results/raw/exp_dolly_two_phase_k8_iid/two_phase/seed_123/run_05_of_24/neuro_part12_qvonly/20260727_012753,1.6626846998,1863.125,Table2_Table3_TableS1_TableS4_CUDA_qv_only
exp_dolly_two_phase_k8_iid,42,CUDA,neuro_part12_qvonly,cae4c328930088f607c817e0df81711b5c775a86,results/raw/exp_dolly_two_phase_k8_iid/two_phase/seed_42/run_04_of_24/neuro_part12_qvonly/20260727_005833,1.6666163043,1863.125,Table2_Table3_TableS1_TableS4_CUDA_qv_only
exp_dolly_two_phase_k8_iid,456,CUDA,neuro_part12_qvonly,cae4c328930088f607c817e0df81711b5c775a86,results/raw/exp_dolly_two_phase_k8_iid/two_phase/seed_456/run_06_of_24/neuro_part12_qvonly/20260727_015800,1.6634749263,1863.125,Table2_Table3_TableS1_TableS4_CUDA_qv_only
exp_fedit_iid,123,CUDA,neuro_part12_qvonly,cae4c328930088f607c817e0df81711b5c775a86,results/raw/exp_fedit_iid/fedit/seed_123/run_20_of_24/neuro_part12_qvonly/20260727_083023,1.2584201407,2578.125,Table2_Table3_TableS1_TableS4_CUDA_qv_only
exp_fedit_iid,42,CUDA,neuro_part12_qvonly,cae4c328930088f607c817e0df81711b5c775a86,results/raw/exp_fedit_iid/fedit/seed_42/run_19_of_24/neuro_part12_qvonly/20260727_080321,1.2607665651,2578.125,Table2_Table3_TableS1_TableS4_CUDA_qv_only
exp_fedit_iid,456,CUDA,neuro_part12_qvonly,cae4c328930088f607c817e0df81711b5c775a86,results/raw/exp_fedit_iid/fedit/seed_456/run_21_of_24/neuro_part12_qvonly/20260727_085728,1.2615027184,2578.125,Table2_Table3_TableS1_TableS4_CUDA_qv_only
exp_fedit_noniid_alpha05,123,CUDA,neuro_part12_qvonly,cae4c328930088f607c817e0df81711b5c775a86,results/raw/exp_fedit_noniid_alpha05/fedit/seed_123/run_23_of_24/neuro_part12_qvonly/20260727_095211,1.257695812,2578.125,Table2_Table3_TableS1_TableS4_CUDA_qv_only
exp_fedit_noniid_alpha05,42,CUDA,neuro_part12_qvonly,cae4c328930088f607c817e0df81711b5c775a86,results/raw/exp_fedit_noniid_alpha05/fedit/seed_42/run_22_of_24/neuro_part12_qvonly/20260727_092514,1.2763527002,2578.125,Table2_Table3_TableS1_TableS4_CUDA_qv_only
exp_fedit_noniid_alpha05,456,CUDA,neuro_part12_qvonly,cae4c328930088f607c817e0df81711b5c775a86,results/raw/exp_fedit_noniid_alpha05/fedit/seed_456/run_24_of_24/neuro_part12_qvonly/20260727_101918,1.2376795394,2578.125,Table2_Table3_TableS1_TableS4_CUDA_qv_only
exp_ffa_lora_iid,123,CUDA,neuro_part12_qvonly,cae4c328930088f607c817e0df81711b5c775a86,results/raw/exp_ffa_lora_iid/ffa_lora/seed_123/run_14_of_24/neuro_part12_qvonly/20260727_054832,1.3017383666,983.125,Table2_Table3_TableS1_TableS4_CUDA_qv_only
exp_ffa_lora_iid,42,CUDA,neuro_part12_qvonly,cae4c328930088f607c817e0df81711b5c775a86,results/raw/exp_ffa_lora_iid/ffa_lora/seed_42/run_13_of_24/neuro_part12_qvonly/20260727_052118,1.3039754023,983.125,Table2_Table3_TableS1_TableS4_CUDA_qv_only
exp_ffa_lora_iid,456,CUDA,neuro_part12_qvonly,cae4c328930088f607c817e0df81711b5c775a86,results/raw/exp_ffa_lora_iid/ffa_lora/seed_456/run_15_of_24/neuro_part12_qvonly/20260727_061538,1.3036277965,983.125,Table2_Table3_TableS1_TableS4_CUDA_qv_only
exp_ffa_lora_noniid_alpha05,123,CUDA,neuro_part12_qvonly,cae4c328930088f607c817e0df81711b5c775a86,results/raw/exp_ffa_lora_noniid_alpha05/ffa_lora/seed_123/run_17_of_24/neuro_part12_qvonly/20260727_070935,1.2956036092,983.125,Table2_Table3_TableS1_TableS4_CUDA_qv_only
exp_ffa_lora_noniid_alpha05,42,CUDA,neuro_part12_qvonly,cae4c328930088f607c817e0df81711b5c775a86,results/raw/exp_ffa_lora_noniid_alpha05/ffa_lora/seed_42/run_16_of_24/neuro_part12_qvonly/20260727_064248,1.3150784772,983.125,Table2_Table3_TableS1_TableS4_CUDA_qv_only
exp_ffa_lora_noniid_alpha05,456,CUDA,neuro_part12_qvonly,cae4c328930088f607c817e0df81711b5c775a86,results/raw/exp_ffa_lora_noniid_alpha05/ffa_lora/seed_456/run_18_of_24/neuro_part12_qvonly/20260727_073628,1.278454949,983.125,Table2_Table3_TableS1_TableS4_CUDA_qv_only
exp_reverse_adaptive_noniid_alpha01,1000,MPS,stage2_adaptive_alpha01_extra_seeds,1e518c63010a4ba67eebd1f4c34e7bcddc530c3d,results/raw/exp_reverse_adaptive_noniid_alpha01/reverse_adaptive/seed_1000/stage2_adaptive_alpha01_extra_seeds/20260505_002408,1.2730455825,1226.5,TableS2_noniid_MPS
exp_reverse_adaptive_noniid_alpha01,123,MPS,stage2_adaptive,1e518c63010a4ba67eebd1f4c34e7bcddc530c3d,results/raw/exp_reverse_adaptive_noniid_alpha01/reverse_adaptive/seed_123/stage2_adaptive/20260503_114223,1.2889847009,1533.125,TableS2_noniid_MPS
exp_reverse_adaptive_noniid_alpha01,42,MPS,stage2_adaptive,1e518c63010a4ba67eebd1f4c34e7bcddc530c3d,results/raw/exp_reverse_adaptive_noniid_alpha01/reverse_adaptive/seed_42/stage2_adaptive/20260503_083751,1.2683526294,1379.8125,TableS2_noniid_MPS
exp_reverse_adaptive_noniid_alpha01,456,MPS,stage2_adaptive,1e518c63010a4ba67eebd1f4c34e7bcddc530c3d,results/raw/exp_reverse_adaptive_noniid_alpha01/reverse_adaptive/seed_456/stage2_adaptive/20260503_144422,1.3480826738,1533.125,TableS2_noniid_MPS
exp_reverse_adaptive_noniid_alpha01,789,MPS,stage2_adaptive_alpha01_extra_seeds,1e518c63010a4ba67eebd1f4c34e7bcddc530c3d,results/raw/exp_reverse_adaptive_noniid_alpha01/reverse_adaptive/seed_789/stage2_adaptive_alpha01_extra_seeds/20260504_212316,1.2591996681,1533.125,TableS2_noniid_MPS
exp_reverse_adaptive_noniid_alpha05,123,MPS,stage2_adaptive,1e518c63010a4ba67eebd1f4c34e7bcddc530c3d,results/raw/exp_reverse_adaptive_noniid_alpha05/reverse_adaptive/seed_123/stage2_adaptive/20260503_022754,1.2826247299,1533.125,TableS2_noniid_MPS
exp_reverse_adaptive_noniid_alpha05,42,MPS,stage2_adaptive,1e518c63010a4ba67eebd1f4c34e7bcddc530c3d,results/raw/exp_reverse_adaptive_noniid_alpha05/reverse_adaptive/seed_42/stage2_adaptive/20260502_232453,1.2859333175,1533.125,TableS2_noniid_MPS
exp_reverse_adaptive_noniid_alpha05,456,MPS,stage2_adaptive,1e518c63010a4ba67eebd1f4c34e7bcddc530c3d,results/raw/exp_reverse_adaptive_noniid_alpha05/reverse_adaptive/seed_456/stage2_adaptive/20260503_053234,1.2521326251,1533.125,TableS2_noniid_MPS
