experiment,tag,seed,run_directory,git_commit,final_communication_mb,final_avg_loss
exp_dolly_flora_iid,seed_123,123,exp_dolly_flora_iid/flora/seed_123/run_02_of_24/neuro_part12_qvonly/20260726_235500,cae4c328930088f607c817e0df81711b5c775a86,2578.125,1.6529338139692942
exp_dolly_flora_iid,seed_123,123,exp_dolly_flora_iid/flora/seed_123/run_02_of_24/neuro_part1_part2_4090/20260726_020621,8cddb8b376cd1ccdd7a1fd3655f2c6fe03757e3d,5156.25,1.6121582971413928
exp_dolly_flora_iid,seed_42,42,exp_dolly_flora_iid/flora/seed_42/run_01_of_24/neuro_part12_qvonly/20260726_232345,cae4c328930088f607c817e0df81711b5c775a86,2578.125,1.656762192805608
exp_dolly_flora_iid,seed_42,42,exp_dolly_flora_iid/flora/seed_42/run_01_of_24/neuro_part1_part2_4090/20260726_013041,8cddb8b376cd1ccdd7a1fd3655f2c6fe03757e3d,5156.25,1.6153173122406006
exp_dolly_flora_iid,seed_456,456,exp_dolly_flora_iid/flora/seed_456/run_03_of_24/neuro_part12_qvonly/20260727_002631,cae4c328930088f607c817e0df81711b5c775a86,2578.125,1.6534258423646293
exp_dolly_flora_iid,seed_456,456,exp_dolly_flora_iid/flora/seed_456/run_03_of_24/neuro_part1_part2_4090/20260726_024214,8cddb8b376cd1ccdd7a1fd3655f2c6fe03757e3d,5156.25,1.6130638132890067
exp_dolly_reverse_adaptive_iid,seed_123,123,exp_dolly_reverse_adaptive_iid/reverse_adaptive/seed_123/run_08_of_24/neuro_part12_qvonly/20260727_025712,cae4c328930088f607c817e0df81711b5c775a86,1533.125,1.666994737784068
exp_dolly_reverse_adaptive_iid,seed_123,123,exp_dolly_reverse_adaptive_iid/reverse_adaptive/seed_123/run_08_of_24/neuro_part1_part2_4090/20260726_052719,8cddb8b376cd1ccdd7a1fd3655f2c6fe03757e3d,3066.25,1.6345280536810556
exp_dolly_reverse_adaptive_iid,seed_42,42,exp_dolly_reverse_adaptive_iid/reverse_adaptive/seed_42/run_07_of_24/neuro_part12_qvonly/20260727_022830,cae4c328930088f607c817e0df81711b5c775a86,1533.125,1.6710390600363414
exp_dolly_reverse_adaptive_iid,seed_42,42,exp_dolly_reverse_adaptive_iid/reverse_adaptive/seed_42/run_07_of_24/neuro_part1_part2_4090/20260726_045552,8cddb8b376cd1ccdd7a1fd3655f2c6fe03757e3d,3066.25,1.6377309959729511
exp_dolly_reverse_adaptive_iid,seed_456,456,exp_dolly_reverse_adaptive_iid/reverse_adaptive/seed_456/run_09_of_24/neuro_part12_qvonly/20260727_032532,cae4c328930088f607c817e0df81711b5c775a86,1533.125,1.667698979218801
exp_dolly_reverse_adaptive_iid,seed_456,456,exp_dolly_reverse_adaptive_iid/reverse_adaptive/seed_456/run_09_of_24/neuro_part1_part2_4090/20260726_055829,8cddb8b376cd1ccdd7a1fd3655f2c6fe03757e3d,3066.25,1.6353809917767843
exp_dolly_reverse_adaptive_noniid_alpha05,seed_123,123,exp_dolly_reverse_adaptive_noniid_alpha05/reverse_adaptive/seed_123/run_11_of_24/neuro_part12_qvonly/20260727_042229,cae4c328930088f607c817e0df81711b5c775a86,1533.125,1.6688285750197682
exp_dolly_reverse_adaptive_noniid_alpha05,seed_123,123,exp_dolly_reverse_adaptive_noniid_alpha05/reverse_adaptive/seed_123/run_11_of_24/neuro_part1_part2_4090/20260726_070023,8cddb8b376cd1ccdd7a1fd3655f2c6fe03757e3d,3066.25,1.6359545521517493
exp_dolly_reverse_adaptive_noniid_alpha05,seed_42,42,exp_dolly_reverse_adaptive_noniid_alpha05/reverse_adaptive/seed_42/run_10_of_24/neuro_part12_qvonly/20260727_035407,cae4c328930088f607c817e0df81711b5c775a86,1533.125,1.643898467500731
exp_dolly_reverse_adaptive_noniid_alpha05,seed_42,42,exp_dolly_reverse_adaptive_noniid_alpha05/reverse_adaptive/seed_42/run_10_of_24/neuro_part1_part2_4090/20260726_062919,8cddb8b376cd1ccdd7a1fd3655f2c6fe03757e3d,3066.25,1.6114130635282347
exp_dolly_reverse_adaptive_noniid_alpha05,seed_456,456,exp_dolly_reverse_adaptive_noniid_alpha05/reverse_adaptive/seed_456/run_12_of_24/neuro_part12_qvonly/20260727_045209,cae4c328930088f607c817e0df81711b5c775a86,1533.125,1.6591182565832743
exp_dolly_reverse_adaptive_noniid_alpha05,seed_456,456,exp_dolly_reverse_adaptive_noniid_alpha05/reverse_adaptive/seed_456/run_12_of_24/neuro_part1_part2_4090/20260726_073148,8cddb8b376cd1ccdd7a1fd3655f2c6fe03757e3d,3066.25,1.626211885380063
exp_dolly_two_phase_k8_iid,seed_123,123,exp_dolly_two_phase_k8_iid/two_phase/seed_123/run_05_of_24/neuro_part12_qvonly/20260727_012753,cae4c328930088f607c817e0df81711b5c775a86,1863.125,1.6626846997737885
exp_dolly_two_phase_k8_iid,seed_123,123,exp_dolly_two_phase_k8_iid/two_phase/seed_123/run_05_of_24/neuro_part1_part2_4090/20260726_035051,8cddb8b376cd1ccdd7a1fd3655f2c6fe03757e3d,3726.25,1.627855993827184
exp_dolly_two_phase_k8_iid,seed_42,42,exp_dolly_two_phase_k8_iid/two_phase/seed_42/run_04_of_24/neuro_part12_qvonly/20260727_005833,cae4c328930088f607c817e0df81711b5c775a86,1863.125,1.6666163043181101
exp_dolly_two_phase_k8_iid,seed_42,42,exp_dolly_two_phase_k8_iid/two_phase/seed_42/run_04_of_24/neuro_part1_part2_4090/20260726_031841,8cddb8b376cd1ccdd7a1fd3655f2c6fe03757e3d,3726.25,1.6308944354057313
exp_dolly_two_phase_k8_iid,seed_456,456,exp_dolly_two_phase_k8_iid/two_phase/seed_456/run_06_of_24/neuro_part12_qvonly/20260727_015800,cae4c328930088f607c817e0df81711b5c775a86,1863.125,1.6634749263127646
exp_dolly_two_phase_k8_iid,seed_456,456,exp_dolly_two_phase_k8_iid/two_phase/seed_456/run_06_of_24/neuro_part1_part2_4090/20260726_042320,8cddb8b376cd1ccdd7a1fd3655f2c6fe03757e3d,3726.25,1.6288284528255463
exp_fedit_iid,seed_123,123,exp_fedit_iid/fedit/seed_123/run_20_of_24/neuro_part12_qvonly/20260727_083023,cae4c328930088f607c817e0df81711b5c775a86,2578.125,1.2584201406637827
exp_fedit_iid,seed_123,123,exp_fedit_iid/fedit/seed_123/run_20_of_24/neuro_part1_part2_4090/20260726_112121,8cddb8b376cd1ccdd7a1fd3655f2c6fe03757e3d,5156.25,1.216947789112727
exp_fedit_iid,seed_42,42,exp_fedit_iid/fedit/seed_42/run_19_of_24/neuro_part12_qvonly/20260727_080321,cae4c328930088f607c817e0df81711b5c775a86,2578.125,1.2607665650844573
exp_fedit_iid,seed_42,42,exp_fedit_iid/fedit/seed_42/run_19_of_24/neuro_part1_part2_4090/20260726_105238,8cddb8b376cd1ccdd7a1fd3655f2c6fe03757e3d,5156.25,1.2193662008444468
exp_fedit_iid,seed_456,456,exp_fedit_iid/fedit/seed_456/run_21_of_24/neuro_part12_qvonly/20260727_085728,cae4c328930088f607c817e0df81711b5c775a86,2578.125,1.261502718448639
exp_fedit_iid,seed_456,456,exp_fedit_iid/fedit/seed_456/run_21_of_24/neuro_part1_part2_4090/20260726_115004,8cddb8b376cd1ccdd7a1fd3655f2c6fe03757e3d,5156.25,1.2195236667792002
exp_fedit_noniid_alpha05,seed_123,123,exp_fedit_noniid_alpha05/fedit/seed_123/run_23_of_24/neuro_part12_qvonly/20260727_095211,cae4c328930088f607c817e0df81711b5c775a86,2578.125,1.2576958119979011
exp_fedit_noniid_alpha05,seed_123,123,exp_fedit_noniid_alpha05/fedit/seed_123/run_23_of_24/neuro_part1_part2_4090/20260726_124755,8cddb8b376cd1ccdd7a1fd3655f2c6fe03757e3d,5156.25,1.2180710221804831
exp_fedit_noniid_alpha05,seed_42,42,exp_fedit_noniid_alpha05/fedit/seed_42/run_22_of_24/neuro_part12_qvonly/20260727_092514,cae4c328930088f607c817e0df81711b5c775a86,2578.125,1.2763527002497117
exp_fedit_noniid_alpha05,seed_42,42,exp_fedit_noniid_alpha05/fedit/seed_42/run_22_of_24/neuro_part1_part2_4090/20260726_121849,8cddb8b376cd1ccdd7a1fd3655f2c6fe03757e3d,5156.25,1.2351924328744102
exp_fedit_noniid_alpha05,seed_456,456,exp_fedit_noniid_alpha05/fedit/seed_456/run_24_of_24/neuro_part12_qvonly/20260727_101918,cae4c328930088f607c817e0df81711b5c775a86,2578.125,1.2376795393785183
exp_fedit_noniid_alpha05,seed_456,456,exp_fedit_noniid_alpha05/fedit/seed_456/run_24_of_24/neuro_part1_part2_4090/20260726_131638,8cddb8b376cd1ccdd7a1fd3655f2c6fe03757e3d,5156.25,1.196363167658257
exp_ffa_lora_iid,seed_123,123,exp_ffa_lora_iid/ffa_lora/seed_123/run_14_of_24/neuro_part12_qvonly/20260727_054832,cae4c328930088f607c817e0df81711b5c775a86,983.125,1.3017383666038513
exp_ffa_lora_iid,seed_123,123,exp_ffa_lora_iid/ffa_lora/seed_123/run_14_of_24/neuro_part1_part2_4090/20260726_083114,8cddb8b376cd1ccdd7a1fd3655f2c6fe03757e3d,1966.25,1.2619129726092022
exp_ffa_lora_iid,seed_42,42,exp_ffa_lora_iid/ffa_lora/seed_42/run_13_of_24/neuro_part12_qvonly/20260727_052118,cae4c328930088f607c817e0df81711b5c775a86,983.125,1.3039754022757213
exp_ffa_lora_iid,seed_42,42,exp_ffa_lora_iid/ffa_lora/seed_42/run_13_of_24/neuro_part1_part2_4090/20260726_080311,8cddb8b376cd1ccdd7a1fd3655f2c6fe03757e3d,1966.25,1.2635532340208688
exp_ffa_lora_iid,seed_456,456,exp_ffa_lora_iid/ffa_lora/seed_456/run_15_of_24/neuro_part12_qvonly/20260727_061538,cae4c328930088f607c817e0df81711b5c775a86,983.125,1.303627796490987
exp_ffa_lora_iid,seed_456,456,exp_ffa_lora_iid/ffa_lora/seed_456/run_15_of_24/neuro_part1_part2_4090/20260726_085922,8cddb8b376cd1ccdd7a1fd3655f2c6fe03757e3d,1966.25,1.2637779778639475
exp_ffa_lora_noniid_alpha05,seed_123,123,exp_ffa_lora_noniid_alpha05/ffa_lora/seed_123/run_17_of_24/neuro_part12_qvonly/20260727_070935,cae4c328930088f607c817e0df81711b5c775a86,983.125,1.2956036092321064
exp_ffa_lora_noniid_alpha05,seed_123,123,exp_ffa_lora_noniid_alpha05/ffa_lora/seed_123/run_17_of_24/neuro_part1_part2_4090/20260726_095600,8cddb8b376cd1ccdd7a1fd3655f2c6fe03757e3d,1966.25,1.2594754472421572
exp_ffa_lora_noniid_alpha05,seed_42,42,exp_ffa_lora_noniid_alpha05/ffa_lora/seed_42/run_16_of_24/neuro_part12_qvonly/20260727_064248,cae4c328930088f607c817e0df81711b5c775a86,983.125,1.315078477167663
exp_ffa_lora_noniid_alpha05,seed_42,42,exp_ffa_lora_noniid_alpha05/ffa_lora/seed_42/run_16_of_24/neuro_part1_part2_4090/20260726_092718,8cddb8b376cd1ccdd7a1fd3655f2c6fe03757e3d,1966.25,1.2769692550546288
exp_ffa_lora_noniid_alpha05,seed_456,456,exp_ffa_lora_noniid_alpha05/ffa_lora/seed_456/run_18_of_24/neuro_part12_qvonly/20260727_073628,cae4c328930088f607c817e0df81711b5c775a86,983.125,1.2784549490198116
exp_ffa_lora_noniid_alpha05,seed_456,456,exp_ffa_lora_noniid_alpha05/ffa_lora/seed_456/run_18_of_24/neuro_part1_part2_4090/20260726_102431,8cddb8b376cd1ccdd7a1fd3655f2c6fe03757e3d,1966.25,1.2393441184604712
exp_flora_iid,seed_123,123,exp_flora_iid/flora/seed_123/phase1_cuda_rerun/20260715_035242,7b95775212fc55e98ab17396d43f1d7be8565943,2578.125,1.2604785989920297
exp_flora_iid,seed_123,123,exp_flora_iid/flora/seed_123/run_08_of_18/20260428_184234,2d07cd9d49d672a2eb55f71de19d951d7a7dfb18,2578.125,1.2611626766522726
exp_flora_iid,seed_42,42,exp_flora_iid/flora/seed_42/phase1_cuda_rerun/20260715_021226,7b95775212fc55e98ab17396d43f1d7be8565943,2578.125,1.2614079749584197
exp_flora_iid,seed_42,42,exp_flora_iid/flora/seed_42/run_07_of_18/20260428_153342,2d07cd9d49d672a2eb55f71de19d951d7a7dfb18,2578.125,1.2594342811902364
exp_flora_iid,seed_42,42,exp_flora_iid/flora/seed_42/stage3_checkpoint/20260506_065929,c32967b2ca93a52642ad0e394a9946eb94c40165,2578.125,1.261351112683614
exp_flora_iid,seed_456,456,exp_flora_iid/flora/seed_456/phase1_cuda_rerun/20260715_052914,7b95775212fc55e98ab17396d43f1d7be8565943,2578.125,1.260500192562739
exp_flora_iid,seed_456,456,exp_flora_iid/flora/seed_456/run_09_of_18/20260428_215113,2d07cd9d49d672a2eb55f71de19d951d7a7dfb18,2578.125,1.2609145652453104
exp_flora_noniid_alpha01,seed_123,123,exp_flora_noniid_alpha01/flora/seed_123/phase1b_alpha01_baselines/20260716_204923,84c672d32e3072b07b7c7588aa908dbde2f2a034,2578.125,1.2897024125031542
exp_flora_noniid_alpha01,seed_42,42,exp_flora_noniid_alpha01/flora/seed_42/phase1b_alpha01_baselines/20260716_201548,84c672d32e3072b07b7c7588aa908dbde2f2a034,2320.3125,1.2490863071501974
exp_flora_noniid_alpha01,seed_456,456,exp_flora_noniid_alpha01/flora/seed_456/phase1b_alpha01_baselines/20260716_212307,84c672d32e3072b07b7c7588aa908dbde2f2a034,2578.125,1.3316816900405368
exp_flora_noniid_alpha05,seed_123,123,exp_flora_noniid_alpha05/flora/seed_123/phase1_cuda_rerun/20260715_083036,7b95775212fc55e98ab17396d43f1d7be8565943,2578.125,1.2608345833704706
exp_flora_noniid_alpha05,seed_123,123,exp_flora_noniid_alpha05/flora/seed_123/run_17_of_18/20260429_223147,2d07cd9d49d672a2eb55f71de19d951d7a7dfb18,2578.125,1.2720238860615845
exp_flora_noniid_alpha05,seed_42,42,exp_flora_noniid_alpha05/flora/seed_42/phase1_cuda_rerun/20260715_070023,7b95775212fc55e98ab17396d43f1d7be8565943,2578.125,1.2840850246917586
exp_flora_noniid_alpha05,seed_42,42,exp_flora_noniid_alpha05/flora/seed_42/run_16_of_18/20260429_192712,2d07cd9d49d672a2eb55f71de19d951d7a7dfb18,2578.125,1.2745444993684871
exp_flora_noniid_alpha05,seed_456,456,exp_flora_noniid_alpha05/flora/seed_456/phase1_cuda_rerun/20260715_100237,7b95775212fc55e98ab17396d43f1d7be8565943,2578.125,1.2338129157554323
exp_flora_noniid_alpha05,seed_456,456,exp_flora_noniid_alpha05/flora/seed_456/run_18_of_18/20260430_013838,2d07cd9d49d672a2eb55f71de19d951d7a7dfb18,2578.125,1.239670210884628
exp_llama3_flora_iid,seed_123,123,exp_llama3_flora_iid/flora/seed_123/phase1_cuda_rerun/20260715_053535,e004f856517687dad3388e90f889671074902569,2625.0,1.3752930073142051
exp_llama3_flora_iid,seed_123,123,exp_llama3_flora_iid/flora/seed_123/stage5_llama3_extra_seeds/20260513_205442,e67fa6b0eaa9e0d703d7a46e467d675f3d18dbc8,2625.0,1.37340240530173
exp_llama3_flora_iid,seed_42,42,exp_llama3_flora_iid/flora/seed_42/llama3_smoke/20260505_152953,5273958a5e099162a45fffc933fe41e845b15192,35.0,1.0757838934659958
exp_llama3_flora_iid,seed_42,42,exp_llama3_flora_iid/flora/seed_42/llama3_smoke/20260505_172024,c32967b2ca93a52642ad0e394a9946eb94c40165,35.0,1.6189914691050848
exp_llama3_flora_iid,seed_42,42,exp_llama3_flora_iid/flora/seed_42/llama3_smoke/20260506_164739,d6f903880a51aa586366290ef882003a178f796c,35.0,1.6189914691050848
exp_llama3_flora_iid,seed_42,42,exp_llama3_flora_iid/flora/seed_42/llama3_smoke_fp32/20260505_164105,d664cc038846c52ad641016dd558643f87931961,70.0,1.6175644410053889
exp_llama3_flora_iid,seed_42,42,exp_llama3_flora_iid/flora/seed_42/llama3_smoke_lr1e-5/20260505_162420,d664cc038846c52ad641016dd558643f87931961,35.0,1.0757838934659958
exp_llama3_flora_iid,seed_42,42,exp_llama3_flora_iid/flora/seed_42/llama3_smoke_lr5e-5/20260505_154952,d664cc038846c52ad641016dd558643f87931961,35.0,1.0757838934659958
exp_llama3_flora_iid,seed_42,42,exp_llama3_flora_iid/flora/seed_42/phase1_cuda_rerun/20260715_043024,e004f856517687dad3388e90f889671074902569,2625.0,1.3735539740920069
exp_llama3_flora_iid,seed_42,42,exp_llama3_flora_iid/flora/seed_42/stage5_llama3_full/20260506_172045,d6f903880a51aa586366290ef882003a178f796c,2625.0,1.371683085779349
exp_llama3_flora_iid,seed_456,456,exp_llama3_flora_iid/flora/seed_456/phase1_cuda_rerun/20260715_064055,e004f856517687dad3388e90f889671074902569,2625.0,1.3738961615562437
exp_llama3_flora_iid,seed_456,456,exp_llama3_flora_iid/flora/seed_456/stage5_llama3_extra_seeds/20260514_193332,6de806bb0cf0faaaa520c7145b24a94d0c680dc2,2625.0,1.37199816040198
exp_llama3_reverse_adaptive_iid,seed_123,123,exp_llama3_reverse_adaptive_iid/reverse_adaptive/seed_123/phase1_cuda_rerun/20260715_084409,e004f856517687dad3388e90f889671074902569,1942.5,1.3919996063113214
exp_llama3_reverse_adaptive_iid,seed_123,123,exp_llama3_reverse_adaptive_iid/reverse_adaptive/seed_123/stage5_llama3_extra_seeds/20260514_115918,e67fa6b0eaa9e0d703d7a46e467d675f3d18dbc8,1942.5,1.3902651987671852
exp_llama3_reverse_adaptive_iid,seed_42,42,exp_llama3_reverse_adaptive_iid/reverse_adaptive/seed_42/phase1_cuda_rerun/20260715_074605,e004f856517687dad3388e90f889671074902569,1837.5,1.3956125582456589
exp_llama3_reverse_adaptive_iid,seed_42,42,exp_llama3_reverse_adaptive_iid/reverse_adaptive/seed_42/stage5_llama3_full/20260507_082356,d6f903880a51aa586366290ef882003a178f796c,1837.5,1.3938311262925467
exp_llama3_reverse_adaptive_iid,seed_456,456,exp_llama3_reverse_adaptive_iid/reverse_adaptive/seed_456/phase1_cuda_rerun/20260715_094231,e004f856517687dad3388e90f889671074902569,1732.5,1.3995033132831254
exp_llama3_reverse_adaptive_iid,seed_456,456,exp_llama3_reverse_adaptive_iid/reverse_adaptive/seed_456/stage5_llama3_extra_seeds/20260515_104256,6de806bb0cf0faaaa520c7145b24a94d0c680dc2,1732.5,1.3973662387728691
exp_llama3_two_phase_k8_iid,seed_123,123,exp_llama3_two_phase_k8_iid/two_phase/seed_123/phase1_cuda_rerun/20260715_113730,e004f856517687dad3388e90f889671074902569,1942.5,1.396640942533811
exp_llama3_two_phase_k8_iid,seed_123,123,exp_llama3_two_phase_k8_iid/two_phase/seed_123/stage5_llama3_extra_seeds/20260514_043315,e67fa6b0eaa9e0d703d7a46e467d675f3d18dbc8,1942.5,1.3948771262963613
exp_llama3_two_phase_k8_iid,seed_42,42,exp_llama3_two_phase_k8_iid/two_phase/seed_42/phase1_cuda_rerun/20260715_103959,e004f856517687dad3388e90f889671074902569,1942.5,1.3958104479312896
exp_llama3_two_phase_k8_iid,seed_42,42,exp_llama3_two_phase_k8_iid/two_phase/seed_42/stage5_llama3_full/20260507_005718,d6f903880a51aa586366290ef882003a178f796c,1942.5,1.393775810380777
exp_llama3_two_phase_k8_iid,seed_456,456,exp_llama3_two_phase_k8_iid/two_phase/seed_456/phase1_cuda_rerun/20260715_123413,e004f856517687dad3388e90f889671074902569,1942.5,1.3948474783500036
exp_llama3_two_phase_k8_iid,seed_456,456,exp_llama3_two_phase_k8_iid/two_phase/seed_456/stage5_llama3_extra_seeds/20260515_031432,6de806bb0cf0faaaa520c7145b24a94d0c680dc2,1942.5,1.3927721588214237
exp_reverse_adaptive,seed_42,42,exp_reverse_adaptive/reverse_adaptive/seed_42/run_05_of_12/20260425_140923,684279c31817e0383c301e3239433cbc1b524aab,1289.0625,1.2735087777773537
exp_reverse_adaptive_iid,seed_123,123,exp_reverse_adaptive_iid/reverse_adaptive/seed_123/phase1_cuda_rerun/20260715_121855,7b95775212fc55e98ab17396d43f1d7be8565943,1533.125,1.2746100099086761
exp_reverse_adaptive_iid,seed_123,123,exp_reverse_adaptive_iid/reverse_adaptive/seed_123/stage2_adaptive/20260502_171633,1e518c63010a4ba67eebd1f4c34e7bcddc530c3d,1533.125,1.2752344407240548
exp_reverse_adaptive_iid,seed_42,42,exp_reverse_adaptive_iid/reverse_adaptive/seed_42/phase0_cuda_validation/20260714_221846,1480b7d265f20c02ad1557ba7e3f0142022c4099,1533.125,1.2755137101809182
exp_reverse_adaptive_iid,seed_42,42,exp_reverse_adaptive_iid/reverse_adaptive/seed_42/phase1_cuda_rerun/20260715_112811,7b95775212fc55e98ab17396d43f1d7be8565943,1533.125,1.27551357960701
exp_reverse_adaptive_iid,seed_42,42,exp_reverse_adaptive_iid/reverse_adaptive/seed_42/stage2_adaptive/20260502_141513,1e518c63010a4ba67eebd1f4c34e7bcddc530c3d,1533.125,1.2735571080048878
exp_reverse_adaptive_iid,seed_42,42,exp_reverse_adaptive_iid/reverse_adaptive/seed_42/stage3_checkpoint/20260506_130343,48ae0bbde5bf3b9cc4931bb289fdab913563482a,1533.125,1.2754731659094491
exp_reverse_adaptive_iid,seed_456,456,exp_reverse_adaptive_iid/reverse_adaptive/seed_456/phase1_cuda_rerun/20260715_130847,7b95775212fc55e98ab17396d43f1d7be8565943,1533.125,1.274481286128362
exp_reverse_adaptive_iid,seed_456,456,exp_reverse_adaptive_iid/reverse_adaptive/seed_456/stage2_adaptive/20260502_201916,1e518c63010a4ba67eebd1f4c34e7bcddc530c3d,1533.125,1.2751069316864014
exp_reverse_adaptive_no_switch,seed_42,42,exp_reverse_adaptive_no_switch/reverse_adaptive/seed_42/stage2_no_switch_sanity/20260502_105755,1e518c63010a4ba67eebd1f4c34e7bcddc530c3d,2578.125,1.2594342811902364
exp_reverse_adaptive_noniid_alpha01,seed_1000,1000,exp_reverse_adaptive_noniid_alpha01/reverse_adaptive/seed_1000/stage2_adaptive_alpha01_extra_seeds/20260505_002408,1e518c63010a4ba67eebd1f4c34e7bcddc530c3d,1226.5,1.2730455825208637
exp_reverse_adaptive_noniid_alpha01,seed_123,123,exp_reverse_adaptive_noniid_alpha01/reverse_adaptive/seed_123/phase1_cuda_rerun/20260715_182704,7b95775212fc55e98ab17396d43f1d7be8565943,1533.125,1.2857148786175518
exp_reverse_adaptive_noniid_alpha01,seed_123,123,exp_reverse_adaptive_noniid_alpha01/reverse_adaptive/seed_123/stage2_adaptive/20260503_114223,1e518c63010a4ba67eebd1f4c34e7bcddc530c3d,1533.125,1.2889847008883863
exp_reverse_adaptive_noniid_alpha01,seed_42,42,exp_reverse_adaptive_noniid_alpha01/reverse_adaptive/seed_42/phase1_cuda_rerun/20260715_173955,7b95775212fc55e98ab17396d43f1d7be8565943,1379.8125,1.268221449304238
exp_reverse_adaptive_noniid_alpha01,seed_42,42,exp_reverse_adaptive_noniid_alpha01/reverse_adaptive/seed_42/stage2_adaptive/20260503_083751,1e518c63010a4ba67eebd1f4c34e7bcddc530c3d,1379.8125,1.2683526293787555
exp_reverse_adaptive_noniid_alpha01,seed_456,456,exp_reverse_adaptive_noniid_alpha01/reverse_adaptive/seed_456/phase1_cuda_rerun/20260715_191752,7b95775212fc55e98ab17396d43f1d7be8565943,1643.125,1.3350383590776054
exp_reverse_adaptive_noniid_alpha01,seed_456,456,exp_reverse_adaptive_noniid_alpha01/reverse_adaptive/seed_456/stage2_adaptive/20260503_144422,1e518c63010a4ba67eebd1f4c34e7bcddc530c3d,1533.125,1.3480826738390224
exp_reverse_adaptive_noniid_alpha01,seed_456_run999,456,exp_reverse_adaptive_noniid_alpha01/reverse_adaptive/seed_456_run999/phase1_17_diagnostic/20260716_192659,6316fb1e8a9b8afd2461779a1cf348c70fb1a5bd,1643.125,1.3145316212910785
exp_reverse_adaptive_noniid_alpha01,seed_789,789,exp_reverse_adaptive_noniid_alpha01/reverse_adaptive/seed_789/stage2_adaptive_alpha01_extra_seeds/20260504_212316,1e518c63010a4ba67eebd1f4c34e7bcddc530c3d,1533.125,1.2591996681061424
exp_reverse_adaptive_noniid_alpha05,seed_123,123,exp_reverse_adaptive_noniid_alpha05/reverse_adaptive/seed_123/phase1_cuda_rerun/20260715_200920,7b95775212fc55e98ab17396d43f1d7be8565943,1533.125,1.2715077817926104
exp_reverse_adaptive_noniid_alpha05,seed_123,123,exp_reverse_adaptive_noniid_alpha05/reverse_adaptive/seed_123/stage2_adaptive/20260503_022754,1e518c63010a4ba67eebd1f4c34e7bcddc530c3d,1533.125,1.282624729867208
exp_reverse_adaptive_noniid_alpha05,seed_42,42,exp_reverse_adaptive_noniid_alpha05/reverse_adaptive/seed_42/phase1_cuda_rerun/20260715_010658,7b95775212fc55e98ab17396d43f1d7be8565943,1533.125,1.29538893247476
exp_reverse_adaptive_noniid_alpha05,seed_42,42,exp_reverse_adaptive_noniid_alpha05/reverse_adaptive/seed_42/stage2_adaptive/20260502_232453,1e518c63010a4ba67eebd1f4c34e7bcddc530c3d,1533.125,1.285933317500538
exp_reverse_adaptive_noniid_alpha05,seed_456,456,exp_reverse_adaptive_noniid_alpha05/reverse_adaptive/seed_456/phase1_cuda_rerun/20260715_205528,7b95775212fc55e98ab17396d43f1d7be8565943,1533.125,1.2460482394580654
exp_reverse_adaptive_noniid_alpha05,seed_456,456,exp_reverse_adaptive_noniid_alpha05/reverse_adaptive/seed_456/stage2_adaptive/20260503_053234,1e518c63010a4ba67eebd1f4c34e7bcddc530c3d,1533.125,1.252132625111034
exp_reverse_adaptive_threshold_ablation,seed_42,42,exp_reverse_adaptive_threshold_ablation/reverse_adaptive/seed_42/phase1_cuda_rerun/20260715_135740,7b95775212fc55e98ab17396d43f1d7be8565943,1973.125,1.2675122084617616
exp_reverse_adaptive_threshold_ablation,seed_42,42,exp_reverse_adaptive_threshold_ablation/reverse_adaptive/seed_42/phase1_cuda_rerun/20260715_145912,7b95775212fc55e98ab17396d43f1d7be8565943,1753.125,1.2714175872008007
exp_reverse_adaptive_threshold_ablation,seed_42,42,exp_reverse_adaptive_threshold_ablation/reverse_adaptive/seed_42/phase1_cuda_rerun/20260715_155523,7b95775212fc55e98ab17396d43f1d7be8565943,1533.125,1.27551357960701
exp_reverse_adaptive_threshold_ablation,seed_42,42,exp_reverse_adaptive_threshold_ablation/reverse_adaptive/seed_42/phase1_cuda_rerun/20260715_165209,7b95775212fc55e98ab17396d43f1d7be8565943,1533.125,1.27551357960701
exp_reverse_adaptive_threshold_ablation,seed_42,42,exp_reverse_adaptive_threshold_ablation/reverse_adaptive/seed_42/stage2_threshold_0.005/20260503_174607,1e518c63010a4ba67eebd1f4c34e7bcddc530c3d,1533.125,1.2735571080048878
exp_reverse_adaptive_threshold_ablation,seed_42,42,exp_reverse_adaptive_threshold_ablation/reverse_adaptive/seed_42/stage2_threshold_0.01/20260503_205006,1e518c63010a4ba67eebd1f4c34e7bcddc530c3d,1533.125,1.2735571080048878
exp_reverse_adaptive_threshold_ablation,seed_42,42,exp_reverse_adaptive_threshold_ablation/reverse_adaptive/seed_42/stage2_threshold_0.02/20260503_235201,1e518c63010a4ba67eebd1f4c34e7bcddc530c3d,1533.125,1.2735571080048878
exp_reverse_adaptive_threshold_ablation,seed_42,42,exp_reverse_adaptive_threshold_ablation/reverse_adaptive/seed_42/stage2_threshold_0.05/20260504_025529,1e518c63010a4ba67eebd1f4c34e7bcddc530c3d,1533.125,1.2735571080048878
exp_reverse_adaptive_threshold_ablation,seed_42,42,exp_reverse_adaptive_threshold_ablation/reverse_adaptive/seed_42/stage2_threshold_extended_0.001/20260504_060836,1e518c63010a4ba67eebd1f4c34e7bcddc530c3d,2083.125,1.2638204754193623
exp_reverse_adaptive_threshold_ablation,seed_42,42,exp_reverse_adaptive_threshold_ablation/reverse_adaptive/seed_42/stage2_threshold_extended_0.002/20260504_091425,1e518c63010a4ba67eebd1f4c34e7bcddc530c3d,1863.125,1.267462699095408
exp_reverse_adaptive_threshold_ablation,seed_42,42,exp_reverse_adaptive_threshold_ablation/reverse_adaptive/seed_42/stage2_threshold_extended_0.05/20260504_121930,1e518c63010a4ba67eebd1f4c34e7bcddc530c3d,1533.125,1.2735571080048878
exp_reverse_adaptive_threshold_ablation,seed_42,42,exp_reverse_adaptive_threshold_ablation/reverse_adaptive/seed_42/stage2_threshold_extended_0.10/20260504_152013,1e518c63010a4ba67eebd1f4c34e7bcddc530c3d,1533.125,1.2735571080048878
exp_reverse_adaptive_threshold_ablation,seed_42,42,exp_reverse_adaptive_threshold_ablation/reverse_adaptive/seed_42/stage2_threshold_extended_0.20/20260504_182053,1e518c63010a4ba67eebd1f4c34e7bcddc530c3d,1533.125,1.2735571080048878
exp_two_phase_k10,seed_123,123,exp_two_phase_k10/two_phase/seed_123/20260430_211034,74615e1a2ed489609a69c49d97d0afb571036752,2358.125,1.267048047542572
exp_two_phase_k10,seed_123,123,exp_two_phase_k10/two_phase/seed_123/run_05_of_18/20260428_092156,2d07cd9d49d672a2eb55f71de19d951d7a7dfb18,2578.125,1.267048047542572
exp_two_phase_k10,seed_123,123,exp_two_phase_k10/two_phase/seed_123/stage1_bidirectional/20260502_032419,c1ed2a156de222bc0c6e65af5e98c67dcb5fc44a,2083.125,1.267048047542572
exp_two_phase_k10,seed_42,42,exp_two_phase_k10/two_phase/seed_42/20260430_180215,74615e1a2ed489609a69c49d97d0afb571036752,2358.125,1.2654538114865619
exp_two_phase_k10,seed_42,42,exp_two_phase_k10/two_phase/seed_42/run_03_of_12/20260425_080244,684279c31817e0383c301e3239433cbc1b524aab,1289.0625,1.2654538114865619
exp_two_phase_k10,seed_42,42,exp_two_phase_k10/two_phase/seed_42/run_04_of_18/20260428_061721,2d07cd9d49d672a2eb55f71de19d951d7a7dfb18,2578.125,1.2654538114865619
exp_two_phase_k10,seed_42,42,exp_two_phase_k10/two_phase/seed_42/stage1_bidirectional/20260502_001645,c1ed2a156de222bc0c6e65af5e98c67dcb5fc44a,2083.125,1.2654538114865619
exp_two_phase_k10,seed_456,456,exp_two_phase_k10/two_phase/seed_456/20260501_001731,74615e1a2ed489609a69c49d97d0afb571036752,2358.125,1.266975752433141
exp_two_phase_k10,seed_456,456,exp_two_phase_k10/two_phase/seed_456/run_06_of_18/20260428_122714,2d07cd9d49d672a2eb55f71de19d951d7a7dfb18,2578.125,1.266975752433141
exp_two_phase_k10,seed_456,456,exp_two_phase_k10/two_phase/seed_456/stage1_bidirectional/20260502_063204,c1ed2a156de222bc0c6e65af5e98c67dcb5fc44a,2083.125,1.266975752433141
exp_two_phase_k10_noniid_alpha05,seed_123,123,exp_two_phase_k10_noniid_alpha05/two_phase/seed_123/run_14_of_18/20260429_131841,2d07cd9d49d672a2eb55f71de19d951d7a7dfb18,2578.125,1.2775273616553044
exp_two_phase_k10_noniid_alpha05,seed_42,42,exp_two_phase_k10_noniid_alpha05/two_phase/seed_42/run_13_of_18/20260429_101213,2d07cd9d49d672a2eb55f71de19d951d7a7dfb18,2578.125,1.2804792116140917
exp_two_phase_k10_noniid_alpha05,seed_456,456,exp_two_phase_k10_noniid_alpha05/two_phase/seed_456/run_15_of_18/20260429_162401,2d07cd9d49d672a2eb55f71de19d951d7a7dfb18,2578.125,1.2456964909583668
exp_two_phase_k8,seed_123,123,exp_two_phase_k8/two_phase/seed_123/20260430_115211,74615e1a2ed489609a69c49d97d0afb571036752,2248.125,1.2708520148595173
exp_two_phase_k8,seed_123,123,exp_two_phase_k8/two_phase/seed_123/phase1_cuda_rerun/20260715_223931,7b95775212fc55e98ab17396d43f1d7be8565943,1863.125,1.2701296757857006
exp_two_phase_k8,seed_123,123,exp_two_phase_k8/two_phase/seed_123/run_02_of_18/20260428_000450,2d07cd9d49d672a2eb55f71de19d951d7a7dfb18,2578.125,1.2708520148595173
exp_two_phase_k8,seed_123,123,exp_two_phase_k8/two_phase/seed_123/stage1_bidirectional/20260501_180732,c1ed2a156de222bc0c6e65af5e98c67dcb5fc44a,1863.125,1.2708520148595173
exp_two_phase_k8,seed_42,42,exp_two_phase_k8/two_phase/seed_42/20260430_084647,74615e1a2ed489609a69c49d97d0afb571036752,2248.125,1.269227723836899
exp_two_phase_k8,seed_42,42,exp_two_phase_k8/two_phase/seed_42/phase1_cuda_rerun/20260715_214155,7b95775212fc55e98ab17396d43f1d7be8565943,1863.125,1.27127587890625
exp_two_phase_k8,seed_42,42,exp_two_phase_k8/two_phase/seed_42/post_cleanup_smoke/20260501_072636,f915051b58a9c7ccdce30bd8e8e26b0a9b11c358,171.875,1.37814102435112
exp_two_phase_k8,seed_42,42,exp_two_phase_k8/two_phase/seed_42/run_01_of_18/20260427_210127,2d07cd9d49d672a2eb55f71de19d951d7a7dfb18,2578.125,1.269227723836899
exp_two_phase_k8,seed_42,42,exp_two_phase_k8/two_phase/seed_42/run_02_of_12/20260425_045845,5bb50d8db4ca0373152dbd860cbbce0d98945d9f,1289.0625,1.269227723836899
exp_two_phase_k8,seed_42,42,exp_two_phase_k8/two_phase/seed_42/smoke_stage0/20260501_131031,2cd84c0259cf337c19558948a851534d04fb90c9,343.75,1.3032632342974346
exp_two_phase_k8,seed_42,42,exp_two_phase_k8/two_phase/seed_42/stage1_bidirectional/20260501_150340,c1ed2a156de222bc0c6e65af5e98c67dcb5fc44a,1863.125,1.269227723836899
exp_two_phase_k8,seed_42,42,exp_two_phase_k8/two_phase/seed_42/stage3_checkpoint/20260505_080902,7c0e26a6d788d4ae6a2c75fdc1f6a0c2c9e05bec,1863.125,1.269227723836899
exp_two_phase_k8,seed_456,456,exp_two_phase_k8/two_phase/seed_456/20260430_145819,74615e1a2ed489609a69c49d97d0afb571036752,2248.125,1.2707702880700429
exp_two_phase_k8,seed_456,456,exp_two_phase_k8/two_phase/seed_456/phase1_cuda_rerun/20260715_233604,7b95775212fc55e98ab17396d43f1d7be8565943,1863.125,1.270236603418986
exp_two_phase_k8,seed_456,456,exp_two_phase_k8/two_phase/seed_456/run_03_of_18/20260428_031042,2d07cd9d49d672a2eb55f71de19d951d7a7dfb18,2578.125,1.2707702880700429
exp_two_phase_k8,seed_456,456,exp_two_phase_k8/two_phase/seed_456/stage1_bidirectional/20260501_211149,c1ed2a156de222bc0c6e65af5e98c67dcb5fc44a,1863.125,1.2707702880700429
exp_two_phase_k8_noniid_alpha01,seed_123,123,exp_two_phase_k8_noniid_alpha01/two_phase/seed_123/phase1b_alpha01_baselines/20260716_222912,84c672d32e3072b07b7c7588aa908dbde2f2a034,1863.125,1.2966145800055373
exp_two_phase_k8_noniid_alpha01,seed_42,42,exp_two_phase_k8_noniid_alpha01/two_phase/seed_42/phase1b_alpha01_baselines/20260716_215650,84c672d32e3072b07b7c7588aa908dbde2f2a034,1676.8125,1.2580075822812207
exp_two_phase_k8_noniid_alpha01,seed_456,456,exp_two_phase_k8_noniid_alpha01/two_phase/seed_456/phase1b_alpha01_baselines/20260716_230142,84c672d32e3072b07b7c7588aa908dbde2f2a034,1863.125,1.3444049368489408
exp_two_phase_k8_noniid_alpha05,seed_123,123,exp_two_phase_k8_noniid_alpha05/two_phase/seed_123/phase1_cuda_rerun/20260716_013206,7b95775212fc55e98ab17396d43f1d7be8565943,1863.125,1.2695667024093371
exp_two_phase_k8_noniid_alpha05,seed_123,123,exp_two_phase_k8_noniid_alpha05/two_phase/seed_123/run_11_of_18/20260429_040101,2d07cd9d49d672a2eb55f71de19d951d7a7dfb18,2578.125,1.2807428469484612
exp_two_phase_k8_noniid_alpha05,seed_42,42,exp_two_phase_k8_noniid_alpha05/two_phase/seed_42/phase1_cuda_rerun/20260716_003148,7b95775212fc55e98ab17396d43f1d7be8565943,1863.125,1.2932226067417367
exp_two_phase_k8_noniid_alpha05,seed_42,42,exp_two_phase_k8_noniid_alpha05/two_phase/seed_42/run_10_of_18/20260429_005550,2d07cd9d49d672a2eb55f71de19d951d7a7dfb18,2578.125,1.2839239563990401
exp_two_phase_k8_noniid_alpha05,seed_456,456,exp_two_phase_k8_noniid_alpha05/two_phase/seed_456/phase1_cuda_rerun/20260716_023251,7b95775212fc55e98ab17396d43f1d7be8565943,1863.125,1.2430931924836344
exp_two_phase_k8_noniid_alpha05,seed_456,456,exp_two_phase_k8_noniid_alpha05/two_phase/seed_456/run_12_of_18/20260429_070735,2d07cd9d49d672a2eb55f71de19d951d7a7dfb18,2578.125,1.2490057463050466
